File Name,dob,first_name,last_name
S4_Front_Old.jpg,Not clear,TEST W,SPECIMEN
S8_Front_Old.jpg,1 JAN 1920,TEST V,SPECIMEN
S8_Front_Curr.jpg,Not clear,‘MELETIS,Not clear
S7_Front_Curr.jpg,Not clear,Not clear,Not clear
S6_Front_Old.jpg,“JAN 1920,TEST V.,SPECIMEN
S10_Front_Old.jpg,07 17 01,cHOoW,PING
 S1_Front_Curr.jpg,Not clear,Not clear,Not clear
 S1_Front_Old.jpg,17 AUG 195¢,TEST V,Not clear
S5_Front_Curr.jpg,11 MAR 1994,Not clear,BONDARENKO
 S2_Front_Blur.jpg,(UG 1958,Not clear,‘SPECIMEN
S4_Front_Curr.jpg,18 AUG 1988,ICHIKA,Not clear
S1_Front_Blur.jpg,Not clear,TESTV,‘SPECIMEN
S2_Front_Curr.jpg,21 FEB 1980,JOCELYN,Not clear
S6_Front_Curr.jpg,14 OCT 1990,NINA,MELETIS:
S3_Front_Curr.jpg,18 NOV 1942,‘COSETTE,Not clear
S3_Front_Old.jpg,ey uawia?,Not clear,Not clear
 S2_Front_Old.jpg,Not clear,Not clear,SPECIMEN
S5_Front_Old.jpg,Not clear,Not clear,Not clear
S9_Front_Old.jpg,Not clear,Not clear,Not clear
S7_Front_Old.jpg,O10,Not clear,Not clear
